Timestamp,Image,Face_ID,Name,Similarity
2025-11-28 22:07:27,Abba_Eban_0001.jpg,1,Abba,1.0
2025-11-28 22:07:28,test.jpg,1,Abba,0.03127938136458397
2025-11-28 22:08:28,Abba_Eban_0001.jpg,1,Abba,1.0
2025-11-28 22:08:29,test.jpg,1,Abba,0.03127938136458397
2025-11-28 22:51:49,Abba_Eban_0001.jpg,1,Abba,1.0
2025-11-28 22:51:50,test.jpg,1,Afton_Smith,1.0000001192092896
2025-11-28 23:01:12,Abba_Eban_0001.jpg,1,Abba,1.0
2025-11-28 23:01:14,test.jpg,1,Afton_Smith,1.0000001192092896
2025-11-28 23:04:11,Abba_Eban_0001.jpg,1,Abba,1.0
2025-11-28 23:04:13,Abdullah_0002.jpg,1,Abdullah,1.0000001192092896
2025-11-28 23:04:14,Ahmet_Necdet_Sezer_0001.jpg,1,Ahmet_Necdet_Sezer,1.0
2025-11-28 23:04:15,test.jpg,1,Afton_Smith,1.0000001192092896
2025-11-28 23:10:58,Abdullah_0002.jpg,1,Abdullah,1.0000001192092896
2025-11-28 23:10:59,Screenshot 2025-11-28 230728.png,1,Bahaa Eldin,0.8793120384216309
2025-11-28 23:12:29,Abdullah_0002.jpg,1,Abdullah,1.0000001192092896
2025-11-28 23:12:30,Screenshot 2025-11-28 230728.png,1,Bahaa Eldin,0.8793120384216309
2025-11-28 23:12:32,Screenshot 2025-11-28 231124.png,1,Bahaa Eldin,0.7970500588417053
2025-11-28 23:13:52,Abdullah_0002.jpg,1,Abdullah,1.0000001192092896
2025-11-28 23:13:53,Screenshot 2025-11-28 230728.png,1,Bahaa Eldin,0.8793120384216309
2025-11-28 23:13:54,Screenshot 2025-11-28 231124.png,1,Bahaa Eldin,0.7970500588417053
2025-11-28 23:13:56,Screenshot 2025-11-28 231308.png,1,Bahaa Eldin,0.7245325446128845
2025-11-28 23:15:28,Abdullah_0002.jpg,1,Abdullah,1.0000001192092896
2025-11-28 23:15:30,Screenshot 2025-11-28 230728.png,1,Bahaa Eldin,0.8793120384216309
2025-11-28 23:15:31,Screenshot 2025-11-28 231124.png,1,Bahaa Eldin,0.7970500588417053
2025-11-28 23:15:32,Screenshot 2025-11-28 231308.png,1,Bahaa Eldin,0.7245325446128845
2025-11-28 23:15:33,Screenshot 2025-11-28 231446.png,1,Bahaa Eldin,0.6907274723052979
2025-11-28 23:19:48,George_W_Bush_0049.jpg,1,George_W_Bush,1.0
2025-11-28 23:19:51,IMG_8343.jpg,1,Bahaa Eldin,0.8320073485374451
2025-11-28 23:19:51,IMG_8343.jpg,2,Arnold_Schwarzenegger,0.9385769367218018
2025-11-28 23:19:53,Screenshot 2025-11-28 230728.png,1,Bahaa Eldin,0.8793120384216309
2025-11-28 23:19:54,Screenshot 2025-11-28 231446.png,1,Bahaa Eldin,0.6907274723052979
2025-11-28 23:20:36,George_W_Bush_0049.jpg,1,George_W_Bush,1.0
2025-11-28 23:20:39,IMG_8343.jpg,1,Bahaa Eldin,0.8320073485374451
2025-11-28 23:20:39,IMG_8343.jpg,2,Arnold_Schwarzenegger,0.9385769367218018
2025-11-28 23:20:40,Screenshot 2025-11-28 230728.png,1,Bahaa Eldin,0.8793120384216309
2025-11-28 23:20:41,Screenshot 2025-11-28 231446.png,1,Bahaa Eldin,0.6907274723052979
2025-11-28 23:29:01,George_W_Bush_0049.jpg,1,George_W_Bush,1.0
2025-11-28 23:29:02,Screenshot 2025-11-28 230728.png,1,Bahaa Eldin,0.8793120384216309
2025-11-28 23:29:03,Screenshot 2025-11-28 231446.png,1,Bahaa Eldin,0.6907274723052979
2025-11-28 23:45:06,Screenshot 2025-11-28 230552.png,1,Bahaa Eldin,1.0
2025-11-28 23:45:08,Screenshot 2025-11-28 230657.png,1,Bahaa Eldin,0.9999998807907104
2025-11-28 23:47:47,Screenshot 2025-11-28 230552.png,1,Bahaa Eldin,1.0
2025-11-28 23:47:49,Screenshot 2025-11-28 230657.png,1,Bahaa Eldin,0.9999998807907104
2025-11-28 23:48:10,Screenshot 2025-11-28 230552.png,1,Bahaa Eldin,1.0
2025-11-28 23:48:11,Screenshot 2025-11-28 230657.png,1,Bahaa Eldin,0.9999998807907104
2025-11-29 00:25:42,Screenshot 2025-11-28 230552.png,1,Bahaa Eldin,1.0
2025-11-29 00:25:44,Screenshot 2025-11-28 230657.png,1,Bahaa Eldin,0.9999998807907104
2025-11-29 00:28:59,Screenshot 2025-11-28 230552.png,1,Bahaa Eldin,1.0
2025-11-29 00:29:01,Screenshot 2025-11-28 230657.png,1,Bahaa Eldin,0.9999998807907104
2025-11-29 00:31:14,1,Bahaa,0.7291989922523499
2025-11-29 00:31:15,2,Bahaa,0.7359474897384644
2025-11-29 00:31:15,3,Bahaa Eldin,0.7585687041282654
2025-11-29 00:31:15,4,Bahaa,0.7944177389144897
2025-11-29 00:31:15,5,Bahaa,0.8257972598075867
2025-11-29 00:31:16,6,Bahaa Eldin,0.7832493782043457
2025-11-29 00:31:16,7,Bahaa Eldin,0.7637442946434021
2025-11-29 00:31:16,8,Bahaa Eldin,0.7572205066680908
2025-11-29 00:31:16,9,Bahaa Eldin,0.7441595792770386
2025-11-29 00:31:16,10,Bahaa,0.7254084348678589
2025-11-29 00:31:17,11,Bahaa Eldin,0.6995162963867188
2025-11-29 00:31:17,12,Bahaa Eldin,0.7444528937339783
2025-11-29 00:31:17,13,Bahaa Eldin,0.7477496862411499
2025-11-29 00:31:17,14,Bahaa Eldin,0.7401310205459595
2025-11-29 00:31:17,15,Bahaa Eldin,0.7310988306999207
2025-11-29 00:31:18,16,Bahaa Eldin,0.6284542083740234
2025-11-29 00:31:18,17,Bahaa Eldin,0.6014631986618042
2025-11-29 00:31:18,18,Bahaa Eldin,0.6067526936531067
2025-11-29 00:31:18,19,Unknown,0.5960158705711365
2025-11-29 00:31:18,20,Bahaa Eldin,0.6093966960906982
2025-11-29 00:31:19,21,Bahaa,0.7102764248847961
2025-11-29 00:31:19,22,Bahaa Eldin,0.6465349793434143
2025-11-29 00:31:19,23,Bahaa,0.7311482429504395
2025-11-29 00:31:19,24,Bahaa Eldin,0.7264792323112488
2025-11-29 00:31:20,25,Bahaa,0.7520817518234253
2025-11-29 00:31:20,26,Bahaa Eldin,0.7455158233642578
2025-11-29 00:31:20,27,Bahaa Eldin,0.754241943359375
2025-11-29 00:31:20,28,Bahaa Eldin,0.7728214263916016
2025-11-29 00:31:20,29,Bahaa Eldin,0.7791714668273926
2025-11-29 00:31:21,30,Bahaa Eldin,0.7897821664810181
2025-11-29 00:31:21,31,Bahaa Eldin,0.790309488773346
2025-11-29 00:31:21,32,Bahaa Eldin,0.788974404335022
2025-11-29 00:31:21,33,Bahaa Eldin,0.7860003113746643
2025-11-29 00:31:21,34,Bahaa Eldin,0.769721269607544
2025-11-29 00:31:22,35,Bahaa Eldin,0.8041607141494751
2025-11-29 00:31:22,36,Bahaa Eldin,0.7834552526473999
2025-11-29 00:31:22,37,Bahaa,0.8199499845504761
2025-11-29 00:31:22,38,Bahaa,0.8169334530830383
2025-11-29 00:31:22,39,Bahaa Eldin,0.8186949491500854
2025-11-29 00:31:23,40,Bahaa Eldin,0.832444429397583
2025-11-29 00:31:23,41,Bahaa Eldin,0.8306565284729004
2025-11-29 00:31:23,42,Bahaa Eldin,0.8336039781570435
2025-11-29 00:31:23,43,Bahaa Eldin,0.8342229127883911
2025-11-29 00:31:23,44,Bahaa Eldin,0.8061649799346924
2025-11-29 00:31:24,45,Bahaa Eldin,0.8141222596168518
2025-11-29 00:31:24,46,Bahaa Eldin,0.8270148038864136
2025-11-29 00:31:24,47,Bahaa Eldin,0.8081279397010803
2025-11-29 00:31:24,48,Bahaa Eldin,0.8109742999076843
2025-11-29 00:31:24,49,Bahaa Eldin,0.8141698241233826
2025-11-29 00:31:25,50,Bahaa Eldin,0.8110533356666565
2025-11-29 00:31:25,51,Bahaa,0.7389313578605652
2025-11-29 00:31:25,52,Bahaa,0.7341834902763367
2025-11-29 00:31:25,53,Bahaa,0.744389533996582
2025-11-29 00:31:25,54,Bahaa,0.7659063339233398
2025-11-29 00:31:26,55,Bahaa,0.7561054229736328
2025-11-29 00:31:26,56,Bahaa,0.7465107440948486
2025-11-29 00:31:26,57,Bahaa,0.7197107076644897
2025-11-29 00:31:26,58,Bahaa,0.7548455595970154
2025-11-29 00:31:27,59,Bahaa,0.7716903686523438
2025-11-29 00:31:27,60,Bahaa,0.7657808065414429
2025-11-29 00:31:27,61,Bahaa,0.7811698913574219
2025-11-29 00:31:27,62,Bahaa,0.7981644868850708
2025-11-29 00:31:27,63,Bahaa,0.804057240486145
2025-11-29 00:31:28,64,Bahaa,0.7996617555618286
2025-11-29 00:31:28,65,Bahaa,0.8147342801094055
2025-11-29 00:31:28,66,Bahaa,0.8143941164016724
2025-11-29 00:31:28,67,Bahaa,0.7915066480636597
2025-11-29 00:31:28,68,Bahaa,0.7862470746040344
2025-11-29 00:31:29,69,Bahaa,0.7899646162986755
2025-11-29 00:31:29,70,Bahaa,0.8120272159576416
2025-11-29 00:31:29,71,Bahaa,0.8057064414024353
2025-11-29 00:31:29,72,Bahaa,0.776526153087616
2025-11-29 00:31:29,73,Bahaa,0.8043873310089111
2025-11-29 00:31:30,74,Bahaa,0.7263232469558716
2025-11-29 00:31:30,75,Bahaa,0.7300938367843628
2025-11-29 00:31:30,76,Bahaa,0.7782325744628906
2025-11-29 00:31:30,77,Bahaa Eldin,0.7439857721328735
2025-11-29 00:31:31,78,Bahaa Eldin,0.7724267244338989
2025-11-29 00:31:31,79,Bahaa Eldin,0.729974627494812
2025-11-29 00:31:31,80,Bahaa Eldin,0.7365356683731079
2025-11-29 00:31:31,81,Bahaa Eldin,0.7545313835144043
2025-11-29 00:31:31,82,Bahaa,0.7521021366119385
2025-11-29 00:31:31,83,Bahaa Eldin,0.7618465423583984
2025-11-29 00:31:32,84,Bahaa,0.7470873594284058
2025-11-29 00:31:32,85,Bahaa Eldin,0.7890647053718567
2025-11-29 00:31:32,86,Bahaa,0.7296208739280701
2025-11-29 00:31:32,87,Bahaa,0.771503210067749
2025-11-29 00:31:33,88,Bahaa Eldin,0.7898014783859253
2025-11-29 00:31:33,89,Bahaa Eldin,0.7826644778251648
2025-11-29 00:31:33,90,Bahaa Eldin,0.7959319949150085
2025-11-29 00:31:33,91,Bahaa Eldin,0.7792130708694458
2025-11-29 00:31:33,92,Bahaa Eldin,0.8014636635780334
2025-11-29 00:31:34,93,Bahaa Eldin,0.8173211812973022
2025-11-29 00:31:34,94,Bahaa Eldin,0.7970675230026245
2025-11-29 00:31:34,95,Bahaa Eldin,0.8280410766601562
2025-11-29 00:31:34,96,Bahaa Eldin,0.8179587721824646
2025-11-29 00:31:35,97,Bahaa Eldin,0.7936564683914185
2025-11-29 00:31:35,98,Bahaa Eldin,0.7728427648544312
2025-11-29 00:32:11,1,Unknown,0.524343729019165
2025-11-29 00:32:11,2,Bahaa,0.7230000495910645
2025-11-29 00:32:12,3,Paul_Kagame,0.6406856775283813
2025-11-29 00:32:12,4,Unknown,0.49832484126091003
2025-11-29 00:32:12,5,Unknown,0.569132924079895
2025-11-29 00:32:12,6,Unknown,0.5823628902435303
2025-11-29 00:32:20,7,Unknown,0.48064857721328735
2025-11-29 00:32:20,8,Frank_Cassell,0.9135333299636841
2025-11-29 00:32:21,9,Frank_Cassell,0.841856837272644
2025-11-29 00:32:21,10,Unknown,0.4802679419517517
2025-11-29 00:32:21,11,Unknown,0.48356711864471436
2025-11-29 00:32:21,12,Unknown,0.4916800260543823
2025-11-29 00:32:21,13,Unknown,0.5854949951171875
2025-11-29 00:32:22,14,Unknown,0.5151776075363159
2025-11-29 00:32:22,15,Unknown,0.5719029903411865
2025-11-29 00:32:22,16,George_Clooney,0.6131345629692078
2025-11-29 00:32:22,17,Unknown,0.584984302520752
2025-11-29 00:32:22,18,Unknown,0.5444379448890686
2025-11-29 00:32:23,19,Unknown,0.48833322525024414
2025-11-29 00:32:23,20,Franco_Cangele,0.6326772570610046
2025-11-29 00:32:23,21,Sanjay_Chawla,0.6446330547332764
2025-11-29 00:32:24,22,Oscar_Elias_Biscet,0.6363401412963867
2025-11-29 00:32:24,23,Unknown,0.551578164100647
2025-11-29 00:32:24,24,Faisal_Iqbal,0.6186591386795044
2025-11-29 00:32:25,25,Unknown,0.5350295901298523
2025-11-29 00:32:25,26,Garry_Kasparov,0.6033949851989746
2025-11-29 00:32:25,27,Unknown,0.5494128465652466
2025-11-29 00:32:25,28,Alejandro_Lembo,0.6158369779586792
2025-11-29 00:32:26,29,Unknown,0.5557472705841064
2025-11-29 00:32:26,30,Unknown,0.5250892639160156
2025-11-29 00:32:27,31,Unknown,0.5431812405586243
2025-11-29 00:32:28,32,Unknown,0.5528806447982788
2025-11-29 00:32:28,33,Unknown,0.5259471535682678
2025-11-29 00:32:29,34,Unknown,0.5540410876274109
2025-11-29 00:32:29,35,Unknown,0.5492912530899048
2025-11-29 00:32:29,36,Unknown,0.5556955337524414
2025-11-29 00:32:29,37,Unknown,0.5260676741600037
2025-11-29 00:32:30,38,Unknown,0.5363408327102661
2025-11-29 00:32:30,39,Unknown,0.5561464428901672
2025-11-29 00:32:30,40,Unknown,0.5559312105178833
2025-11-29 00:32:30,41,Unknown,0.5760266780853271
2025-11-29 00:32:30,42,Unknown,0.5742428302764893
2025-11-29 00:32:31,43,Unknown,0.5719184279441833
2025-11-29 00:32:31,44,Unknown,0.5562040209770203
2025-11-29 00:32:31,45,Unknown,0.5627144575119019
2025-11-29 00:32:31,46,Unknown,0.5679539442062378
2025-11-29 00:32:31,47,Unknown,0.5733646154403687
2025-11-29 00:32:32,48,Alejandro_Lembo,0.6040383577346802
2025-11-29 00:32:32,49,Unknown,0.5594085454940796
2025-11-29 00:32:32,50,Unknown,0.5832021832466125
2025-11-29 00:32:32,51,Unknown,0.5918495059013367
2025-11-29 00:32:33,52,Unknown,0.5839062929153442
2025-11-29 00:32:33,53,Sahim_Alwan,0.6048372387886047
2025-11-29 00:32:33,54,Sahim_Alwan,0.6484098434448242
2025-11-29 00:32:33,55,Alejandro_Lembo,0.6095821857452393
2025-11-29 00:32:33,56,Unknown,0.5784579515457153
2025-11-29 00:32:34,57,Daniel_Montenegro,0.6428582668304443
2025-11-29 00:32:34,58,Unknown,0.5995429754257202
2025-11-29 00:32:34,59,Sahim_Alwan,0.6685123443603516
2025-11-29 00:32:34,60,Unknown,0.5609525442123413
2025-11-29 00:32:35,61,Unknown,0.5682269334793091
2025-11-29 00:32:35,62,Unknown,0.5293392539024353
2025-11-29 00:32:35,63,Sahim_Alwan,0.6111700534820557
2025-11-29 00:32:35,64,Sahim_Alwan,0.6545615792274475
2025-11-29 00:32:35,65,Sahim_Alwan,0.650969386100769
2025-11-29 00:32:35,66,Unknown,0.5948449373245239
2025-11-29 00:32:36,67,Sahim_Alwan,0.6246971487998962
2025-11-29 00:32:36,68,Sahim_Alwan,0.6371438503265381
2025-11-29 00:32:36,69,Sahim_Alwan,0.614590585231781
2025-11-29 00:32:36,70,Sahim_Alwan,0.6194518804550171
2025-11-29 00:32:36,71,Sahim_Alwan,0.6376433372497559
2025-11-29 00:32:37,72,Sahim_Alwan,0.6603066921234131
2025-11-29 00:32:37,73,Daniel_Montenegro,0.6142383813858032
2025-11-29 00:32:37,74,Unknown,0.5454085469245911
2025-11-29 00:32:37,75,Unknown,0.5190943479537964
2025-11-29 00:32:38,76,Unknown,0.5731680393218994
2025-11-29 00:32:38,77,Oscar_Elias_Biscet,0.6026297807693481
2025-11-29 00:32:38,78,Unknown,0.5605173110961914
2025-11-29 00:32:38,79,Unknown,0.5890774726867676
2025-11-29 00:32:38,80,Unknown,0.5679277181625366
2025-11-29 00:32:39,81,Unknown,0.559707760810852
2025-11-29 00:32:39,82,Unknown,0.5559031367301941
2025-11-29 00:32:39,83,Unknown,0.5857400894165039
2025-11-29 00:32:39,84,Unknown,0.5852576494216919
2025-11-29 00:32:39,85,Unknown,0.5313970446586609
2025-11-29 00:32:40,86,Unknown,0.5169435739517212
2025-11-29 00:32:40,87,Unknown,0.5675042271614075
2025-11-29 00:32:40,88,Sahim_Alwan,0.6543842554092407
2025-11-29 00:32:40,89,Sahim_Alwan,0.610688328742981
2025-11-29 00:32:40,90,Daniel_Montenegro,0.6216991543769836
2025-11-29 00:32:41,91,Daniel_Montenegro,0.6183425188064575
2025-11-29 00:32:41,92,Unknown,0.571982741355896
2025-11-29 00:32:41,93,Unknown,0.5789636373519897
2025-11-29 00:32:41,94,Unknown,0.5420595407485962
2025-11-29 00:32:41,95,Unknown,0.5828028917312622
2025-11-29 00:32:42,96,Unknown,0.5358630418777466
2025-11-29 00:32:42,97,Unknown,0.5706745386123657
2025-11-29 00:32:42,98,Unknown,0.5686345100402832
2025-11-29 00:32:42,99,Unknown,0.5661580562591553
2025-11-29 00:32:42,100,Kenenisa_Bekele,0.8421170115470886
2025-11-29 00:32:43,101,Unknown,0.5358792543411255
2025-11-29 00:32:43,102,Unknown,0.5513612031936646
2025-11-29 00:32:43,103,Unknown,0.5335204005241394
2025-11-29 00:32:43,104,Unknown,0.5201400518417358
2025-11-29 00:32:43,105,Unknown,0.5336393713951111
2025-11-29 00:32:44,106,Unknown,0.5085948705673218
2025-11-29 00:32:44,107,Unknown,0.563044548034668
2025-11-29 00:32:44,108,Unknown,0.5631991624832153
2025-11-29 00:32:45,109,Unknown,0.5838104486465454
2025-11-29 00:32:45,110,Unknown,0.526393473148346
2025-11-29 00:32:45,111,Unknown,0.5552839040756226
2025-11-29 00:32:46,112,Unknown,0.5882779955863953
2025-11-29 00:32:46,113,Unknown,0.5418000817298889
2025-11-29 00:32:46,114,Unknown,0.5578770041465759
2025-11-29 00:32:46,115,Unknown,0.5249921083450317
2025-11-29 00:32:46,116,Unknown,0.5308996438980103
2025-11-29 00:32:47,117,Unknown,0.5491012334823608
2025-11-29 00:32:48,118,Lleyton_Hewitt,0.6228532195091248
2025-11-29 00:32:48,119,Unknown,0.5991452932357788
2025-11-29 00:32:48,120,Unknown,0.55399489402771
2025-11-29 00:32:49,121,Dimitar_Berbatov,0.6269056797027588
2025-11-29 00:32:49,122,Unknown,0.5231238603591919
2025-11-29 00:32:49,123,Unknown,0.5480281710624695
2025-11-29 00:32:49,124,Daniel_Montenegro,0.6710116267204285
2025-11-29 00:32:50,125,Daniel_Montenegro,0.6219525337219238
2025-11-29 00:32:50,126,Unknown,0.5414918065071106
2025-11-29 00:32:50,127,Unknown,0.5764490365982056
2025-11-29 00:32:50,128,Unknown,0.5786910057067871
2025-11-29 00:32:50,129,Unknown,0.5927291512489319
2025-11-29 00:32:51,130,Unknown,0.5840784907341003
2025-11-29 00:32:51,131,Unknown,0.5799440741539001
2025-11-29 00:32:51,132,Dimitar_Berbatov,0.663359522819519
2025-11-29 00:32:51,133,Unknown,0.5498819351196289
2025-11-29 00:32:51,134,Unknown,0.5599740743637085
2025-11-29 00:32:52,135,Unknown,0.5117546916007996
2025-11-29 00:32:52,136,Unknown,0.5810445547103882
2025-11-29 00:32:52,137,Unknown,0.5916858315467834
2025-11-29 00:32:52,138,Unknown,0.5539801716804504
2025-11-29 00:32:52,139,Unknown,0.5304154753684998
2025-11-29 00:32:53,140,Unknown,0.546105146408081
2025-11-29 00:32:53,141,Unknown,0.5055866837501526
2025-11-29 00:32:53,142,Unknown,0.5443483591079712
2025-11-29 00:32:53,143,Justin_Timberlake,0.608020007610321
2025-11-29 00:32:54,144,Unknown,0.5786528587341309
2025-11-29 00:32:54,145,Dimitar_Berbatov,0.6142755150794983
2025-11-29 00:32:54,146,Unknown,0.5905036926269531
2025-11-29 00:32:55,147,Unknown,0.5817865133285522
2025-11-29 00:32:55,148,Daniel_Radcliffe,0.6231064200401306
2025-11-29 00:32:55,149,Daniel_Montenegro,0.6590617895126343
2025-11-29 00:36:04,1,John_Snow,0.8798179626464844
2025-11-29 00:36:04,2,John_Snow,0.895145833492279
2025-11-29 00:36:05,3,John_Snow,0.9038581848144531
2025-11-29 00:36:27,4,Unknown,0.506051778793335
2025-11-29 00:36:27,5,Unknown,0.5517479181289673
2025-11-29 00:36:27,6,Unknown,0.5201930999755859
2025-11-29 00:36:27,7,Unknown,0.5954775810241699
2025-11-29 00:36:28,8,Arafa,0.6258678436279297
2025-11-29 00:36:28,9,Arafa,0.6355284452438354
2025-11-29 00:36:28,10,Arafa,0.6015626192092896
2025-11-29 00:36:28,11,Arafa,0.6406409740447998
2025-11-29 00:36:29,12,Arafa,0.6029719710350037
2025-11-29 00:36:29,13,Arafa,0.6359261274337769
2025-11-29 00:36:29,14,Arafa,0.712252140045166
2025-11-29 00:36:29,15,Arafa,0.6305575966835022
2025-11-29 00:36:29,16,Arafa,0.6236982345581055
2025-11-29 00:36:30,17,Arafa,0.6471669673919678
2025-11-29 00:36:30,18,Arafa,0.6469531059265137
2025-11-29 00:36:30,19,Arafa,0.6302065849304199
2025-11-29 00:36:30,20,Arafa,0.6371673345565796
2025-11-29 00:36:30,21,Arafa,0.6249183416366577
2025-11-29 00:36:31,22,Arafa,0.6326260566711426
2025-11-29 00:36:31,23,Arafa,0.6344595551490784
2025-11-29 00:36:31,24,Arafa,0.628592848777771
2025-11-29 00:36:31,25,Arafa,0.6259652376174927
2025-11-29 00:36:32,26,Arafa,0.6336410641670227
2025-11-29 00:36:32,27,Arafa,0.6326797604560852
2025-11-29 00:36:32,28,Arafa,0.635389506816864
2025-11-29 00:36:32,29,Arafa,0.6262919306755066
2025-11-29 00:36:32,30,Arafa,0.6412138938903809
2025-11-29 00:36:33,31,Arafa,0.6009488701820374
2025-11-29 00:36:33,32,Arafa,0.6280957460403442
2025-11-29 00:36:33,33,Unknown,0.5973189473152161
2025-11-29 00:36:33,34,Unknown,0.5845398902893066
2025-11-29 00:36:34,35,Unknown,0.586929440498352
2025-11-29 00:36:34,36,Arafa,0.632429838180542
2025-11-29 00:36:34,37,Arafa,0.6141266822814941
2025-11-29 00:36:34,38,Unknown,0.5817838311195374
2025-11-29 00:36:35,39,Unknown,0.588615357875824
2025-11-29 00:36:35,40,Adel_Al-Jubeir,0.6434796452522278
2025-11-29 00:36:35,41,Frank_Cassell,0.7426344156265259
2025-11-29 00:36:35,42,Unknown,0.5490314960479736
2025-11-29 00:36:35,43,Unknown,0.5540604591369629
2025-11-29 00:36:36,44,Unknown,0.5748301148414612
2025-11-29 00:36:36,45,Unknown,0.550862729549408
2025-11-29 00:36:36,46,Arafa,0.6106847524642944
2025-11-29 00:36:36,47,Unknown,0.5799910426139832
2025-11-29 00:36:36,48,Arafa,0.6024182438850403
2025-11-29 00:36:37,49,Arafa,0.6906359195709229
2025-11-29 00:36:37,50,Arafa,0.6464808583259583
2025-11-29 00:36:37,51,Unknown,0.5646635293960571
2025-11-29 00:36:37,52,Arafa,0.6186174154281616
2025-11-29 00:36:38,53,Arafa,0.6239598393440247
2025-11-29 00:36:38,54,Arafa,0.6043832302093506
2025-11-29 00:36:38,55,Arafa,0.6337751150131226
2025-11-29 00:36:38,56,Arafa,0.6250343322753906
2025-11-29 00:36:38,57,Arafa,0.6022965908050537
2025-11-29 00:36:39,58,Unknown,0.5902464389801025
2025-11-29 00:36:39,59,Arafa,0.6368359327316284
2025-11-29 00:36:39,60,Arafa,0.6244772672653198
2025-11-29 00:36:39,61,Unknown,0.5891568660736084
2025-11-29 00:36:39,62,Unknown,0.5840044021606445
2025-11-29 00:36:40,63,Unknown,0.5905032157897949
2025-11-29 00:36:40,64,Unknown,0.5520671606063843
2025-11-29 00:36:40,65,Unknown,0.5899386405944824
2025-11-29 00:36:40,66,Unknown,0.5961567163467407
2025-11-29 00:36:41,67,Ray_Romano,0.6088969707489014
2025-11-29 00:36:41,68,Unknown,0.526221513748169
2025-11-29 00:36:41,69,Unknown,0.579442024230957
2025-11-29 00:36:41,70,Unknown,0.5565096139907837
2025-11-29 00:36:42,71,Unknown,0.5900576710700989
2025-11-29 00:36:42,72,Unknown,0.5614455938339233
2025-11-29 00:36:42,73,Unknown,0.585077166557312
2025-11-29 00:36:42,74,Unknown,0.5922234058380127
2025-11-29 00:36:42,75,Arafa,0.6870280504226685
2025-11-29 00:36:43,76,Arafa,0.6433870792388916
2025-11-29 00:36:43,77,Unknown,0.5604420900344849
2025-11-29 00:36:43,78,Arafa,0.6032315492630005
2025-11-29 00:36:43,79,Unknown,0.5532482862472534
2025-11-29 00:36:43,80,Arafa,0.6063216924667358
2025-11-29 00:36:44,81,Unknown,0.5774058103561401
2025-11-29 00:36:44,82,Unknown,0.5169140100479126
2025-11-29 00:36:44,83,Unknown,0.554259181022644
2025-11-29 00:36:44,84,John_Snow,0.7218812704086304
2025-11-29 00:36:44,85,Unknown,0.5511007308959961
2025-11-29 00:36:45,86,John_Snow,0.7318204045295715
2025-11-29 00:36:45,87,Arafa,0.6019010543823242
2025-11-29 00:36:45,88,Unknown,0.5856480598449707
2025-11-29 00:36:45,89,John_Snow,0.7611087560653687
2025-11-29 00:36:45,90,Arafa,0.6141767501831055
2025-11-29 00:36:45,91,Susilo_Bambang_Yudhoyono,0.6299329996109009
2025-11-29 00:36:46,92,Arafa,0.6141129732131958
2025-11-29 00:36:46,93,Arafa,0.6380429863929749
2025-11-29 00:36:46,94,Unknown,0.5905258655548096
2025-11-29 00:36:46,95,Whoopi_Goldberg,0.8672198057174683
2025-11-29 00:36:46,96,Unknown,0.5852557420730591
2025-11-29 00:36:47,97,Arafa,0.6585004329681396
2025-11-29 00:36:47,98,Arafa,0.7398849725723267
2025-11-29 00:36:47,99,Kofi_Annan,0.7637832164764404
2025-11-29 00:36:47,100,Arafa,0.7490752935409546
2025-11-29 00:36:47,101,Arafa,0.6340823769569397
2025-11-29 00:36:48,102,Arafa,0.6428441405296326
2025-11-29 00:36:48,103,Arafa,0.6913814544677734
2025-11-29 00:36:48,104,Arafa,0.6853221654891968
2025-11-29 00:36:48,105,Arafa,0.6923172473907471
2025-11-29 00:36:49,106,Arafa,0.7149301171302795
2025-11-29 00:36:49,107,Arafa,0.6785433292388916
2025-11-29 00:36:49,108,Arafa,0.6865977048873901
2025-11-29 00:36:49,109,Arafa,0.6922323703765869
2025-11-29 00:36:49,110,Arafa,0.7154983282089233
2025-11-29 00:36:50,111,Arafa,0.6972249746322632
2025-11-29 00:36:50,112,Arafa,0.7191394567489624
2025-11-29 00:36:50,113,Arafa,0.7220472097396851
2025-11-29 00:36:50,114,Arafa,0.7184831500053406
2025-11-29 00:36:51,115,Arafa,0.7324110269546509
2025-11-29 00:36:51,116,Arafa,0.7137810587882996
2025-11-29 00:36:51,117,Arafa,0.7071974873542786
2025-11-29 00:36:51,118,Arafa,0.7660961151123047
2025-11-29 00:36:51,119,Arafa,0.7673425674438477
2025-11-29 00:36:52,120,Arafa,0.7346654534339905
2025-11-29 00:36:52,121,Arafa,0.6955274343490601
2025-11-29 00:36:52,122,Arafa,0.7041625380516052
2025-11-29 00:36:52,123,Frank_Cassell,0.8159726858139038
2025-11-29 00:36:52,124,Arafa,0.6404274702072144
2025-11-29 00:36:53,125,Arafa,0.6693477630615234
2025-11-29 00:36:53,126,Arafa,0.6913832426071167
2025-11-29 00:36:53,127,Arafa,0.6915872693061829
2025-11-29 00:36:53,128,Arafa,0.6921175718307495
2025-11-29 00:36:54,129,Arafa,0.6819241046905518
2025-11-29 00:36:54,130,Arafa,0.6740185618400574
2025-11-29 00:36:54,131,Arafa,0.6809945106506348
2025-11-29 00:36:54,132,Arafa,0.7144433259963989
2025-11-29 00:36:54,133,Arafa,0.6727145314216614
2025-11-29 00:36:55,134,Arafa,0.6638335585594177
2025-11-29 00:36:55,135,Arafa,0.6288236975669861
2025-11-29 00:36:55,136,Arafa,0.634406328201294
2025-11-29 00:36:55,137,Arafa,0.6410737037658691
2025-11-29 00:36:56,138,Arafa,0.7081523537635803
2025-11-29 00:36:56,139,Valentino_Rossi,0.6418863534927368
2025-11-29 00:36:56,140,Arafa,0.6509974002838135
2025-11-29 00:36:56,141,Arafa,0.6291799545288086
2025-11-29 00:36:56,142,Chan_Ho_Park,0.6613300442695618
2025-11-29 00:36:57,143,Arafa,0.6157843470573425
2025-11-29 00:36:57,144,Unknown,0.5776709318161011
2025-11-29 00:36:57,145,Chan_Ho_Park,0.6549266576766968
2025-11-29 00:36:57,146,Arafa,0.627782940864563
2025-11-29 00:36:57,147,Arafa,0.6792670488357544
2025-11-29 00:36:58,148,Arafa,0.6282147169113159
2025-11-29 00:36:58,149,Arafa,0.6655484437942505
2025-11-29 00:36:58,150,Arafa,0.7078626751899719
2025-11-29 00:36:58,151,Arafa,0.6670005321502686
2025-11-29 00:36:59,152,Arafa,0.6624115705490112
2025-11-29 00:36:59,153,Arafa,0.6695593595504761
2025-11-29 00:36:59,154,Arafa,0.6805265545845032
2025-11-29 00:36:59,155,Arafa,0.6668065786361694
2025-11-29 00:36:59,156,Arafa,0.6932340860366821
2025-11-29 00:37:00,157,Kofi_Annan,0.788598895072937
2025-11-29 00:37:00,158,Arafa,0.7318810224533081
2025-11-29 00:37:00,159,Arafa,0.726161777973175
2025-11-29 00:37:00,160,Arafa,0.7140215039253235
2025-11-29 00:37:00,161,Arafa,0.6913607120513916
2025-11-29 00:37:01,162,Arafa,0.6428501009941101
2025-11-29 00:37:01,163,Arafa,0.6544378995895386
2025-11-29 00:37:01,164,Arafa,0.6446832418441772
2025-11-29 00:37:01,165,Kalpana_Chawla,0.6181237697601318
2025-11-29 00:37:01,166,Arafa,0.7071852684020996
2025-11-29 00:37:02,167,Arafa,0.6682379841804504
2025-11-29 00:37:02,168,Chan_Ho_Park,0.6104052066802979
2025-11-29 00:37:02,169,Arafa,0.6545833945274353
2025-11-29 00:37:02,170,Chan_Ho_Park,0.6354737877845764
2025-11-29 00:37:02,171,Angela_Bassett,0.6158419251441956
2025-11-29 00:37:02,172,Arafa,0.6598712205886841
2025-11-29 00:37:03,173,Arafa,0.6750457882881165
2025-11-29 00:37:03,174,Arafa,0.6809643507003784
2025-11-29 00:37:03,175,Arafa,0.7092411518096924
2025-11-29 00:37:03,176,Arafa,0.6679149866104126
2025-11-29 00:37:03,177,Arafa,0.6880778074264526
2025-11-29 00:37:04,178,Arafa,0.6466982960700989
2025-11-29 00:37:04,179,Arafa,0.6473735570907593
2025-11-29 00:37:04,180,Arafa,0.704994797706604
2025-11-29 00:37:04,181,Arafa,0.7393444776535034
2025-11-29 00:37:05,182,Arafa,0.6798136234283447
2025-11-29 00:37:05,183,Arafa,0.6532893180847168
2025-11-29 00:37:05,184,Arafa,0.65769362449646
2025-11-29 00:37:05,185,Arafa,0.702038049697876
2025-11-29 00:37:06,186,Arafa,0.6814567446708679
2025-11-29 00:37:06,187,Arafa,0.6880924701690674
2025-11-29 00:37:06,188,Arafa,0.6663274168968201
2025-11-29 00:37:06,189,Arafa,0.6390671730041504
2025-11-29 00:37:06,190,Kofi_Annan,0.6892130374908447
2025-11-29 00:37:07,191,Arafa,0.6632624864578247
2025-11-29 00:37:07,192,Arafa,0.6491350531578064
2025-11-29 00:37:07,193,Edward_Kennedy,0.7681766152381897
2025-11-29 00:37:07,194,Unknown,0.5837219953536987
2025-11-29 00:37:07,195,Arafa,0.6724942326545715
2025-11-29 00:37:08,196,Arafa,0.6340208053588867
2025-11-29 00:37:08,197,Arafa,0.651581883430481
2025-11-29 00:37:08,198,Arafa,0.6358283758163452
2025-11-29 00:37:08,199,Arafa,0.6711146831512451
2025-11-29 00:37:09,200,Arafa,0.7252615690231323
2025-11-29 00:37:09,201,Arafa,0.720536470413208
2025-11-29 00:37:09,202,Frank_Cassell,0.7173786759376526
2025-11-29 00:37:09,203,Arafa,0.6503429412841797
2025-11-29 00:37:09,204,Arafa,0.6837416887283325
2025-11-29 00:37:10,205,Arafa,0.6385316848754883
2025-11-29 00:37:10,206,Arafa,0.6399614214897156
2025-11-29 00:37:10,207,Arafa,0.637207567691803
2025-11-29 00:37:10,208,Arafa,0.6484158635139465
2025-11-29 00:37:11,209,Arafa,0.6647777557373047
2025-11-29 00:37:11,210,Arafa,0.7289252281188965
2025-11-29 00:37:11,211,Arafa,0.6559335589408875
2025-11-29 00:37:11,212,Arafa,0.6516546607017517
2025-11-29 00:37:11,213,Arafa,0.6304186582565308
2025-11-29 00:37:12,214,Arafa,0.6761105060577393
2025-11-29 00:37:12,215,Arafa,0.6781949996948242
2025-11-29 00:37:12,216,Unknown,0.47627121210098267
2025-11-29 00:37:13,217,Unknown,0.5801499485969543
2025-11-29 00:37:14,218,Unknown,0.561119556427002
2025-11-29 00:37:14,219,John_Snow,0.8632159233093262
2025-11-29 00:37:14,220,Hitomi_Soga,0.6185545921325684
2025-11-29 00:37:14,221,Unknown,0.592056930065155
2025-11-29 00:37:14,222,Arafa,0.7589203715324402
2025-11-29 00:37:15,223,Arafa,0.6737079620361328
2025-11-29 00:37:15,224,Arafa,0.7190361022949219
2025-11-29 00:37:15,225,Arafa,0.6258795261383057
2025-11-29 00:37:15,226,Arafa,0.6779753565788269
2025-11-29 00:37:15,227,Arafa,0.6863851547241211
2025-11-29 00:37:16,228,Arafa,0.6009106636047363
2025-11-29 00:37:16,229,Unknown,0.590458869934082
2025-11-29 00:37:16,230,Unknown,0.590535581111908
2025-11-29 00:37:16,231,Unknown,0.580412745475769
2025-11-29 00:37:17,232,Unknown,0.5830192565917969
2025-11-29 00:37:17,233,Unknown,0.5798375606536865
2025-11-29 00:37:17,234,Unknown,0.5981400012969971
2025-11-29 00:37:17,235,Arafa,0.6049259901046753
2025-11-29 00:37:17,236,Arafa,0.6498336791992188
2025-11-29 00:37:18,237,Arafa,0.6458167433738708
2025-11-29 00:37:18,238,Arafa,0.6400430202484131
2025-11-29 00:37:18,239,Arafa,0.6393675804138184
2025-11-29 00:37:18,240,Arafa,0.6299780607223511
2025-11-29 00:37:18,241,Arafa,0.6206219792366028
2025-11-29 00:37:19,242,Unknown,0.590720534324646
2025-11-29 00:37:19,243,Arafa,0.6420196294784546
2025-11-29 00:37:19,244,Arafa,0.6419863700866699
2025-11-29 00:37:19,245,Arafa,0.6463249921798706
2025-11-29 00:37:20,246,Unknown,0.58984375
2025-11-29 00:37:20,247,Arafa,0.7075893878936768
2025-11-29 00:37:20,248,Arafa,0.6447793841362
2025-11-29 00:37:20,249,Arafa,0.6881096363067627
2025-11-29 00:37:21,250,Arafa,0.6003931760787964
2025-11-29 00:37:21,251,Arafa,0.6283215284347534
2025-11-29 00:37:21,252,Unknown,0.5998814702033997
2025-11-29 00:37:21,253,Arafa,0.6540392637252808
2025-11-29 00:37:21,254,Arafa,0.6376694440841675
2025-11-29 00:37:22,255,Arafa,0.6449234485626221
2025-11-29 00:37:22,256,Arafa,0.6498242616653442
2025-11-29 00:37:22,257,Arafa,0.6257685422897339
2025-11-29 00:37:22,258,Arafa,0.6693843603134155
2025-11-29 00:37:23,259,Arafa,0.6161209344863892
2025-11-29 00:37:23,260,Arafa,0.7329747676849365
2025-11-29 00:37:23,261,Arafa,0.7167340517044067
2025-11-29 00:37:23,262,Arafa,0.6941639184951782
2025-11-29 00:37:23,263,Arafa,0.6251142024993896
2025-11-29 00:37:24,264,Arafa,0.6680921316146851
2025-11-29 00:37:24,265,Arafa,0.6577069163322449
2025-11-29 00:37:24,266,Arafa,0.647887110710144
2025-11-29 00:37:24,267,Arafa,0.6300225257873535
2025-11-29 00:37:24,268,Arafa,0.6478452682495117
2025-11-29 00:37:25,269,Arafa,0.6516467332839966
2025-11-29 00:37:25,270,Arafa,0.6840381026268005
2025-11-29 00:37:25,271,Arafa,0.6836299896240234
2025-11-29 00:37:25,272,Arafa,0.6546452045440674
2025-11-29 00:37:26,273,Arafa,0.6576055288314819
2025-11-29 00:37:26,274,Unknown,0.5890651941299438
2025-11-29 00:37:26,275,Priyanka_Chopra,0.609225332736969
2025-11-29 00:37:26,276,Arafa,0.6167399287223816
2025-11-29 00:37:26,277,Unknown,0.5695688724517822
2025-11-29 00:37:27,278,Unknown,0.5880297422409058
2025-11-29 00:37:27,279,Arafa,0.6893341541290283
2025-11-29 00:37:27,280,Arafa,0.6029376983642578
2025-11-29 00:37:27,281,Arafa,0.6409306526184082
2025-11-29 00:37:28,282,Arafa,0.6318482160568237
2025-11-29 00:37:28,283,Arafa,0.6407093405723572
2025-11-29 00:37:28,284,Arafa,0.7301511764526367
2025-11-29 00:37:28,285,Whoopi_Goldberg,0.9033262133598328
2025-11-29 00:37:28,286,Arafa,0.6455583572387695
2025-11-29 00:37:29,287,Arafa,0.6108275651931763
2025-11-29 00:37:29,288,Arafa,0.7135034799575806
2025-11-29 00:37:29,289,Arafa,0.7087202072143555
2025-11-29 00:37:29,290,Arafa,0.6566329002380371
2025-11-29 00:37:30,291,Arafa,0.674273669719696
2025-11-29 00:37:30,292,Arafa,0.6773778200149536
2025-11-29 00:37:30,293,Arafa,0.7171165347099304
2025-11-29 00:37:30,294,Arafa,0.6222256422042847
2025-11-29 00:37:30,295,Arafa,0.6461448669433594
2025-11-29 00:37:31,296,Arafa,0.6490877866744995
2025-11-29 00:37:31,297,Arafa,0.6130480766296387
2025-11-29 00:37:31,298,Arafa,0.6223913431167603
2025-11-29 00:37:31,299,Arafa,0.6800663471221924
2025-11-29 00:37:32,300,Arafa,0.6522036790847778
2025-11-29 00:37:32,301,Arafa,0.6789027452468872
2025-11-29 00:37:32,302,Arafa,0.6147096753120422
2025-11-29 00:37:32,303,Arafa,0.6343731880187988
2025-11-29 00:37:32,304,Arafa,0.677640974521637
2025-11-29 00:37:33,305,Arafa,0.6335792541503906
2025-11-29 00:37:33,306,Unknown,0.5551987290382385
2025-11-29 00:37:33,307,Unknown,0.5492924451828003
2025-11-29 00:37:33,308,Unknown,0.5758794546127319
2025-11-29 00:37:34,309,Unknown,0.5747182369232178
2025-11-29 00:37:34,310,Unknown,0.5586869716644287
2025-11-29 00:37:34,311,Arafa,0.6243901252746582
2025-11-29 00:37:34,312,Michelle_Chiklis,0.764604926109314
2025-11-29 00:37:34,313,Arafa,0.6074337959289551
2025-11-29 00:37:35,314,Arafa,0.6176841259002686
2025-11-29 00:37:35,315,Arafa,0.6145073175430298
2025-11-29 00:37:35,316,Arafa,0.6076753735542297
2025-11-29 00:37:35,317,Arafa,0.6316475868225098
2025-11-29 00:37:35,318,Unknown,0.5935888290405273
2025-11-29 00:37:36,319,Arafa,0.6108054518699646
2025-11-29 00:37:36,320,Unknown,0.5873167514801025
2025-11-29 00:37:36,321,Unknown,0.547609806060791
2025-11-29 00:37:36,322,Arafa,0.7363294363021851
2025-11-29 00:37:37,323,Arafa,0.669788122177124
2025-11-29 00:37:37,324,Lucio_Gutierrez,0.6052631735801697
2025-11-29 00:37:37,325,Unknown,0.5900668501853943
2025-11-29 00:37:37,326,Arafa,0.6566411256790161
2025-11-29 00:37:37,327,Arafa,0.6326802968978882
2025-11-29 00:37:38,328,Arafa,0.6568149328231812
2025-11-29 00:37:38,329,Arafa,0.6467646360397339
2025-11-29 00:37:38,330,Arafa,0.65843665599823
2025-11-29 00:37:39,331,Unknown,0.44329845905303955
2025-11-29 00:40:54,1,Unknown,0.5217737555503845
2025-11-29 00:40:54,2,Unknown,0.5153113603591919
2025-11-29 00:40:54,3,Unknown,0.5188769102096558
2025-11-29 00:40:55,4,Ralf_Schumacher,0.6237614750862122
2025-11-29 00:40:55,5,Unknown,0.4773363471031189
2025-11-29 00:40:55,6,Unknown,0.5216693878173828
2025-11-29 00:40:55,7,Frank_Cassell,0.7290784120559692
2025-11-29 00:40:55,8,Michelle_Chiklis,0.6981046795845032
2025-11-29 00:40:56,9,Unknown,0.5440798997879028
2025-11-29 00:40:56,10,Unknown,0.5664790272712708
2025-11-29 00:40:56,11,Bahaa Eldin,0.6472616195678711
2025-11-29 00:40:56,12,Bahaa,0.6557179689407349
2025-11-29 00:40:56,13,Arafa,0.6926774978637695
2025-11-29 00:40:57,14,Arafa,0.6051232814788818
2025-11-29 00:40:57,15,Arafa,0.6840742826461792
2025-11-29 00:40:57,16,Arafa,0.6614370942115784
2025-11-29 00:40:57,17,Arafa,0.6814910173416138
2025-11-29 00:40:58,18,Arafa,0.6692206859588623
2025-11-29 00:40:58,19,Arafa,0.6998595595359802
2025-11-29 00:40:58,20,Arafa,0.6701004505157471
2025-11-29 00:40:58,21,Arafa,0.6550207138061523
2025-11-29 00:40:58,22,Arafa,0.6780739426612854
2025-11-29 00:40:59,23,Arafa,0.6546356678009033
2025-11-29 00:40:59,24,Arafa,0.6681911945343018
2025-11-29 00:40:59,25,Arafa,0.667969286441803
2025-11-29 00:40:59,26,Arafa,0.684900164604187
2025-11-29 00:40:59,27,Arafa,0.6885684728622437
2025-11-29 00:41:00,28,Arafa,0.6523795127868652
2025-11-29 00:41:00,29,Arafa,0.6613797545433044
2025-11-29 00:41:00,30,Arafa,0.665105938911438
2025-11-29 00:41:00,31,Arafa,0.6690047979354858
2025-11-29 00:41:01,32,Arafa,0.6662212610244751
2025-11-29 00:41:01,33,Arafa,0.684834361076355
2025-11-29 00:41:01,34,Arafa,0.694786787033081
2025-11-29 00:41:01,35,Arafa,0.6517175436019897
2025-11-29 00:41:01,36,Unknown,0.5217317342758179
2025-11-29 00:41:02,37,Unknown,0.5112874507904053
2025-11-29 00:41:03,38,Arafa,0.7072887420654297
2025-11-29 00:41:03,39,Arafa,0.6660114526748657
2025-11-29 00:41:03,40,Arafa,0.6574106216430664
2025-11-29 00:41:03,41,Arafa,0.688666820526123
2025-11-29 00:41:03,42,Arafa,0.649608314037323
2025-11-29 00:41:04,43,Arafa,0.6390337944030762
2025-11-29 00:41:04,44,Arafa,0.7134656310081482
2025-11-29 00:41:04,45,Arafa,0.6692323684692383
2025-11-29 00:41:04,46,Arafa,0.7201687097549438
2025-11-29 00:41:04,47,Arafa,0.6490841507911682
2025-11-29 00:41:05,48,Arafa,0.6756613254547119
2025-11-29 00:41:05,49,Arafa,0.6649762392044067
2025-11-29 00:41:05,50,Arafa,0.6629305481910706
2025-11-29 00:41:05,51,Arafa,0.6690149307250977
2025-11-29 00:41:05,52,Arafa,0.6791343688964844
2025-11-29 00:41:06,53,Arafa,0.6943475008010864
2025-11-29 00:41:06,54,Arafa,0.7075902819633484
2025-11-29 00:41:06,55,Arafa,0.6571763753890991
2025-11-29 00:41:06,56,Arafa,0.6627874374389648
2025-11-29 00:41:07,57,Arafa,0.6401906609535217
2025-11-29 00:41:07,58,Arafa,0.6503593921661377
2025-11-29 00:41:07,59,Arafa,0.6889983415603638
2025-11-29 00:41:07,60,Arafa,0.7215195894241333
2025-11-29 00:41:07,61,Arafa,0.6863639950752258
2025-11-29 00:41:08,62,Arafa,0.6925996541976929
2025-11-29 00:41:08,63,Arafa,0.7214971780776978
2025-11-29 00:41:08,64,Arafa,0.7026084065437317
2025-11-29 00:41:08,65,Arafa,0.640203595161438
2025-11-29 00:41:08,66,Arafa,0.6762523651123047
2025-11-29 00:41:09,67,Arafa,0.7038506269454956
2025-11-29 00:41:09,68,Arafa,0.6761112213134766
2025-11-29 00:41:09,69,Arafa,0.7073551416397095
2025-11-29 00:41:09,70,Arafa,0.6161579489707947
2025-11-29 00:41:09,71,Arafa,0.6797309517860413
2025-11-29 00:41:10,72,Arafa,0.6938763856887817
2025-11-29 00:41:10,73,Arafa,0.6398875713348389
2025-11-29 00:41:10,74,Arafa,0.6376408338546753
2025-11-29 00:41:10,75,Arafa,0.7188868522644043
2025-11-29 00:41:11,76,Arafa,0.6391319632530212
2025-11-29 00:41:11,77,Arafa,0.6630550026893616
2025-11-29 00:41:11,78,Arafa,0.6657382249832153
2025-11-29 00:41:11,79,Arafa,0.7036399841308594
2025-11-29 00:41:11,80,Arafa,0.6838673949241638
2025-11-29 00:41:12,81,Arafa,0.6866201162338257
2025-11-29 00:41:12,82,Arafa,0.6709202527999878
2025-11-29 00:41:12,83,Arafa,0.7030420303344727
2025-11-29 00:41:12,84,Arafa,0.6910422444343567
2025-11-29 00:41:12,85,Arafa,0.6919500827789307
2025-11-29 00:41:13,86,Arafa,0.7014521360397339
2025-11-29 00:41:13,87,Arafa,0.7058452367782593
2025-11-29 00:41:13,88,Unknown,0.598574161529541
2025-11-29 00:41:13,89,Arafa,0.6298237442970276
2025-11-29 00:41:14,90,Arafa,0.6249421238899231
2025-11-29 00:41:14,91,Arafa,0.6197949051856995
2025-11-29 00:41:14,92,Kalpana_Chawla,0.8742823600769043
2025-11-29 00:41:14,93,Arafa,0.6459695100784302
2025-11-29 00:41:14,94,Unknown,0.5946033596992493
2025-11-29 00:41:15,95,Arafa,0.6239997148513794
2025-11-29 00:41:15,96,Arafa,0.6110631823539734
2025-11-29 00:41:15,97,Unknown,0.5883396863937378
2025-11-29 00:41:15,98,Unknown,0.592035174369812
2025-11-29 00:41:15,99,Unknown,0.5906825065612793
2025-11-29 00:41:16,100,Unknown,0.5899543762207031
2025-11-29 00:41:16,101,Unknown,0.5983010530471802
2025-11-29 00:41:16,102,Arafa,0.6230182647705078
2025-11-29 00:41:16,103,Arafa,0.6234655380249023
2025-11-29 00:41:16,104,Unknown,0.5798546075820923
2025-11-29 00:41:17,105,Unknown,0.5968756675720215
2025-11-29 00:41:17,106,Arafa,0.6068743467330933
2025-11-29 00:41:17,107,Frank_Cassell,0.730373740196228
2025-11-29 00:41:17,108,Unknown,0.5720120668411255
2025-11-29 00:41:17,109,Unknown,0.532831072807312
2025-11-29 00:41:18,110,Arafa,0.6340715885162354
2025-11-29 00:41:18,111,Arafa,0.6174594163894653
2025-11-29 00:41:18,112,Arafa,0.6451739072799683
2025-11-29 00:41:18,113,Arafa,0.6200433373451233
2025-11-29 00:41:18,114,Arafa,0.647868275642395
2025-11-29 00:41:19,115,Arafa,0.6314405202865601
2025-11-29 00:41:19,116,Arafa,0.6063867807388306
2025-11-29 00:41:19,117,Unknown,0.5964809656143188
2025-11-29 00:41:19,118,Arafa,0.6933193802833557
2025-11-29 00:41:20,119,Sahim_Alwan,0.6526983380317688
2025-11-29 00:41:20,120,Sahim_Alwan,0.6271330118179321
2025-11-29 00:41:20,121,Sahim_Alwan,0.6649817824363708
2025-11-29 00:41:20,122,Sahim_Alwan,0.6784455180168152
2025-11-29 00:41:20,123,Sahim_Alwan,0.6631507873535156
2025-11-29 00:41:21,124,Sahim_Alwan,0.6223341226577759
2025-11-29 00:41:21,125,Arafa,0.6351721286773682
2025-11-29 00:41:21,126,Sahim_Alwan,0.6324269771575928
2025-11-29 00:41:21,127,Unknown,0.5947667360305786
2025-11-29 00:41:22,128,Arafa,0.6543728113174438
2025-11-29 00:41:22,129,Unknown,0.592095136642456
2025-11-29 00:41:22,130,Sahim_Alwan,0.6098790168762207
2025-11-29 00:41:22,131,Arafa,0.6688463687896729
2025-11-29 00:41:22,132,Arafa,0.674712061882019
2025-11-29 00:41:23,133,Arafa,0.6401201486587524
2025-11-29 00:41:23,134,Arafa,0.6641221046447754
2025-11-29 00:41:23,135,Arafa,0.7254313826560974
2025-11-29 00:41:23,136,Arafa,0.676054835319519
2025-11-29 00:41:24,137,Arafa,0.6827499866485596
2025-11-29 00:41:24,138,Arafa,0.6970531344413757
2025-11-29 00:41:24,139,Unknown,0.5670288801193237
2025-11-29 00:41:24,140,Fabricio_Oberto,0.7899688482284546
2025-11-29 00:41:25,141,Fabricio_Oberto,0.8033300638198853
2025-11-29 13:49:51,1,Unknown,0.5234953165054321
2025-11-29 13:49:51,2,Bahaa,0.7328137159347534
2025-11-29 13:49:51,3,Bahaa,0.7552179098129272
2025-11-29 13:49:51,4,Bahaa Eldin,0.6625018119812012
2025-11-29 13:49:51,5,Bahaa Eldin,0.7066180109977722
2025-11-29 13:49:52,6,Bahaa Eldin,0.7391523122787476
2025-11-29 13:49:52,7,Bahaa,0.7590608596801758
2025-11-29 13:49:52,8,Bahaa,0.7641118764877319
2025-11-29 13:49:52,9,Bahaa Eldin,0.7514680624008179
2025-11-29 13:49:53,10,Bahaa Eldin,0.7568602561950684
2025-11-29 13:49:53,11,Bahaa Eldin,0.742395281791687
2025-11-29 13:49:53,12,Bahaa Eldin,0.7421371936798096
2025-11-29 13:49:53,13,Bahaa Eldin,0.746584415435791
2025-11-29 13:49:53,14,Bahaa Eldin,0.7492009401321411
2025-11-29 13:49:54,15,Bahaa Eldin,0.7404282689094543
2025-11-29 13:49:54,16,Bahaa Eldin,0.747418999671936
2025-11-29 13:49:54,17,Bahaa Eldin,0.7415519952774048
2025-11-29 13:49:54,18,Bahaa Eldin,0.7551236152648926
2025-11-29 13:49:54,19,Kalpana_Chawla,0.8845858573913574
2025-11-29 13:49:54,20,Bahaa Eldin,0.7401094436645508
2025-11-29 13:49:55,21,Bahaa Eldin,0.7376698851585388
2025-11-29 13:49:55,22,Bahaa,0.765694260597229
2025-11-29 13:49:55,23,Bahaa Eldin,0.788164496421814
2025-11-29 13:49:55,24,Bahaa Eldin,0.7614409327507019
2025-11-29 13:49:55,25,Bahaa Eldin,0.7508571147918701
2025-11-29 13:49:56,26,Bahaa Eldin,0.7780987620353699
2025-11-29 13:49:56,27,Bahaa Eldin,0.7743574976921082
2025-11-29 13:49:56,28,Bahaa Eldin,0.7715529799461365
2025-11-29 13:49:56,29,Bahaa,0.764866292476654
2025-11-29 13:49:56,30,Bahaa Eldin,0.7616391777992249
2025-11-29 13:49:57,31,Bahaa Eldin,0.7553587555885315
2025-11-29 13:49:57,32,Bahaa Eldin,0.7249794602394104
2025-11-29 13:49:57,33,Bahaa Eldin,0.7324389219284058
2025-11-29 13:49:57,34,Bahaa Eldin,0.7351275682449341
2025-11-29 13:49:57,35,Bahaa Eldin,0.7568272352218628
2025-11-29 13:49:58,36,Bahaa Eldin,0.7696517705917358
2025-11-29 13:49:58,37,Bahaa Eldin,0.779423713684082
2025-11-29 13:49:58,38,Bahaa Eldin,0.7522151470184326
2025-11-29 13:49:58,39,Bahaa Eldin,0.7801618576049805
2025-11-29 13:49:58,40,Bahaa,0.7481499910354614
2025-11-29 13:49:59,41,Bahaa Eldin,0.7293544411659241
2025-11-29 13:49:59,42,Bahaa Eldin,0.7195523381233215
2025-11-29 13:49:59,43,Bahaa,0.7517306208610535
2025-11-29 13:49:59,44,Bahaa,0.7384219169616699
2025-11-29 13:49:59,45,Bahaa,0.7511342167854309
2025-11-29 13:49:59,46,Bahaa,0.7617850303649902
2025-11-29 13:50:00,47,Bahaa,0.7671782970428467
2025-11-29 13:50:00,48,Bahaa,0.7518863677978516
2025-11-29 13:50:00,49,Bahaa,0.7557170391082764
2025-11-29 13:50:00,50,Bahaa Eldin,0.7760718464851379
2025-11-29 13:50:00,51,Bahaa Eldin,0.6675229072570801
2025-11-29 13:50:01,52,Bahaa Eldin,0.6572723388671875
2025-11-29 13:50:01,53,Bahaa Eldin,0.7437671422958374
2025-11-29 13:50:01,54,Bahaa Eldin,0.7547051906585693
2025-11-29 13:50:01,55,Bahaa,0.7765947580337524
2025-11-29 13:50:01,56,Bahaa,0.7675926685333252
2025-11-29 13:50:02,57,Bahaa Eldin,0.7606940865516663
2025-11-29 13:50:02,58,Bahaa,0.7543310523033142
2025-11-29 13:50:02,59,Bahaa Eldin,0.7482039928436279
2025-11-29 13:50:02,60,Bahaa Eldin,0.7552360892295837
2025-11-29 13:50:02,61,Bahaa Eldin,0.7607377171516418
2025-11-29 13:50:02,62,Bahaa,0.7609373331069946
2025-11-29 13:50:03,63,Bahaa,0.7519934773445129
2025-11-29 13:50:03,64,Bahaa,0.797614336013794
2025-11-29 13:50:03,65,Bahaa,0.749015212059021
2025-11-29 13:50:03,66,Bahaa,0.725005567073822
2025-11-29 13:50:03,67,Bahaa Eldin,0.7310746312141418
2025-11-29 13:50:04,68,Bahaa,0.7011787295341492
2025-11-29 13:50:04,69,Bahaa,0.7742470502853394
2025-11-29 13:50:04,70,Bahaa,0.7686163187026978
2025-11-29 13:50:04,71,Bahaa,0.7884519100189209
2025-11-29 13:50:04,72,Bahaa,0.7649288773536682
2025-11-29 13:50:05,73,Bahaa,0.7436261177062988
2025-11-29 13:50:05,74,Bahaa,0.7724536657333374
2025-11-29 13:50:05,75,Bahaa,0.7714052200317383
2025-11-29 13:50:05,76,Bahaa,0.7679265737533569
2025-11-29 13:50:05,77,Bahaa,0.7760704755783081
2025-11-29 13:50:05,78,Bahaa,0.7825992107391357
2025-11-29 13:50:06,79,Bahaa,0.7873390913009644
2025-11-29 13:50:06,80,Bahaa,0.783340573310852
2025-11-29 13:50:06,81,Bahaa,0.6166601181030273
2025-11-29 13:50:06,82,Unknown,0.5520102381706238
2025-11-29 13:51:54,1,Bahaa,0.6888197660446167
2025-11-29 13:51:54,2,Bahaa Eldin,0.7079565525054932
2025-11-29 13:51:55,3,Bahaa Eldin,0.7287157773971558
2025-11-29 13:51:55,4,Bahaa Eldin,0.7218025922775269
2025-11-29 13:51:55,5,Bahaa Eldin,0.7812148928642273
2025-11-29 13:51:55,6,Bahaa Eldin,0.7775154113769531
2025-11-29 13:51:55,7,Bahaa Eldin,0.7760409116744995
2025-11-29 13:51:56,8,Bahaa Eldin,0.7645502090454102
2025-11-29 13:51:56,9,Bahaa Eldin,0.7623046636581421
2025-11-29 13:51:56,10,Bahaa Eldin,0.7786458730697632
2025-11-29 13:51:56,11,Bahaa Eldin,0.7829917669296265
2025-11-29 13:51:56,12,Bahaa Eldin,0.7914268970489502
2025-11-29 13:51:56,13,Bahaa Eldin,0.7821969985961914
2025-11-29 13:51:57,14,Bahaa Eldin,0.7814146280288696
2025-11-29 13:51:57,15,Bahaa Eldin,0.7709192037582397
2025-11-29 13:51:57,16,Bahaa Eldin,0.7735812664031982
2025-11-29 13:51:57,17,Bahaa Eldin,0.7704702615737915
2025-11-29 13:51:57,18,Bahaa Eldin,0.7729997634887695
2025-11-29 13:51:58,19,Bahaa Eldin,0.7838488817214966
2025-11-29 13:51:58,20,Bahaa Eldin,0.7869148254394531
2025-11-29 13:51:58,21,Bahaa Eldin,0.7808648347854614
2025-11-29 13:51:58,22,Bahaa Eldin,0.7663463354110718
2025-11-29 13:51:58,23,Bahaa Eldin,0.7818507552146912
2025-11-29 13:51:59,24,Bahaa Eldin,0.7724261283874512
2025-11-29 13:51:59,25,Bahaa Eldin,0.7624951601028442
2025-11-29 13:51:59,26,Bahaa Eldin,0.7514976859092712
2025-11-29 13:51:59,27,Bahaa Eldin,0.7627406120300293
2025-11-29 13:51:59,28,Bahaa Eldin,0.7567941546440125
2025-11-29 13:51:59,29,Bahaa Eldin,0.7576867341995239
2025-11-29 13:52:00,30,Bahaa Eldin,0.7841127514839172
2025-11-29 13:52:00,31,Bahaa Eldin,0.7778956294059753
2025-11-29 13:52:00,32,Bahaa Eldin,0.776658296585083
2025-11-29 13:52:00,33,Bahaa Eldin,0.7667243480682373
2025-11-29 13:52:00,34,Bahaa Eldin,0.77346271276474
2025-11-29 13:52:01,35,Bahaa Eldin,0.76549232006073
2025-11-29 13:52:01,36,Bahaa Eldin,0.776172399520874
2025-11-29 13:52:01,37,Bahaa Eldin,0.765968918800354
2025-11-29 13:52:01,38,Bahaa Eldin,0.7461158037185669
2025-11-29 13:52:01,39,Bahaa Eldin,0.7775778770446777
2025-11-29 13:52:02,40,Bahaa Eldin,0.775407075881958
2025-11-29 13:52:02,41,Bahaa Eldin,0.7698394060134888
2025-11-29 13:52:02,42,Bahaa Eldin,0.7951545715332031
2025-11-29 13:52:02,43,Bahaa Eldin,0.7770642638206482
2025-11-29 13:52:02,44,Bahaa Eldin,0.7546036243438721
2025-11-29 13:52:03,45,Bahaa Eldin,0.7562838792800903
2025-11-29 13:52:03,46,Bahaa Eldin,0.7685472369194031
2025-11-29 13:52:03,47,Bahaa Eldin,0.7578799724578857
2025-11-29 13:52:03,48,Bahaa Eldin,0.7919025421142578
2025-11-29 13:52:03,49,Bahaa Eldin,0.7621994018554688
2025-11-29 13:52:03,50,Bahaa Eldin,0.7541323900222778
2025-11-29 13:52:04,51,Bahaa Eldin,0.7772641181945801
2025-11-29 13:52:04,52,Bahaa Eldin,0.7630741596221924
2025-11-29 13:52:04,53,Bahaa Eldin,0.7750643491744995
2025-11-29 13:52:04,54,Bahaa Eldin,0.7667182087898254
2025-11-29 13:52:04,55,Bahaa Eldin,0.7890029549598694
2025-11-29 13:52:05,56,Bahaa Eldin,0.7735971212387085
2025-11-29 13:52:05,57,Bahaa Eldin,0.7756088376045227
2025-11-29 13:52:05,58,Bahaa Eldin,0.7761443853378296
2025-11-29 13:52:05,59,Bahaa Eldin,0.7815532684326172
2025-11-29 13:52:05,60,Bahaa Eldin,0.7809373736381531
2025-11-29 13:52:06,61,Bahaa Eldin,0.7810636758804321
2025-11-29 13:52:06,62,Bahaa Eldin,0.7778693437576294
2025-11-29 13:52:06,63,Bahaa,0.6922045946121216
2025-11-29 13:52:06,64,Unknown,0.5848697423934937
2025-11-29 13:52:06,65,Unknown,0.5764929056167603
2025-11-29 14:04:28,1,Unknown,0.5126253962516785
2025-11-29 14:04:42,1,Bahaa,0.6611036062240601
2025-11-29 14:04:58,1,Bahaa,0.7547907829284668
2025-11-29 14:14:20,1,Bahaa,0.726965069770813
2025-11-29 14:14:20,2,Unknown,0.54401695728302
2025-11-29 14:14:21,3,Bahaa Eldin,0.7029491066932678
2025-11-29 14:14:22,4,Kenenisa_Bekele,0.8988828063011169
2025-11-29 15:46:13,1,Bahaa Eldin,0.7696126103401184
2025-11-29 15:46:18,2,Unknown,0.5101311206817627
2025-11-29 15:46:22,3,Bahaa,0.8312076330184937
2025-11-29 15:46:31,4,Ted_Williams,0.9241618514060974
2025-11-29 15:46:32,5,Carlos_Moya,0.8915019035339355
